Domain,IssueDate,ExpiryDate,SAN
*.cloudsbv.sunrise.ch,12/03/2025,13/04/2026,*.cloudsbv.sunrise.ch
*.cloudsbv.sunrise.ch,12/03/2025,13/04/2026,cloudsbv.sunrise.ch
*.intern.upc.ch,04/04/2025,06/05/2026,*.intern.upc.ch
*.intern.upc.ch,04/04/2025,06/05/2026,intern.upc.ch
*.ssia.sunrise.ch,15/01/2025,16/02/2026,*.ssia.sunrise.ch
*.ssia.sunrise.ch,15/01/2025,16/02/2026,ssia.sunrise.ch
447106.sdwan.upc.ch,18/11/2025,20/12/2026,447106.sdwan.upc.ch
460200.sdwan.upc.ch,18/06/2025,20/07/2026,460200.sdwan.upc.ch
460751.sdwan.upc.ch,23/04/2025,25/05/2026,460751.sdwan.upc.ch
490855.sdwan.upc.ch,01/04/2025,03/05/2026,490855.sdwan.upc.ch
513978.sdwan.upc.ch,04/09/2025,06/10/2026,513978.sdwan.upc.ch
517580.sdwan.upc.ch,16/12/2024,17/01/2026,517580.sdwan.upc.ch
521141.sdwan.upc.ch,18/11/2025,18/11/2025,
556588.sdwan.upc.ch,20/11/2024,22/12/2025,556588.sdwan.upc.ch
561659.sdwan.upc.ch,19/02/2025,23/03/2026,561659.sdwan.upc.ch
642247.sdwan.sunrise.ch,13/03/2025,14/04/2026,642247.sdwan.sunrise.ch
647098.sdwan.sunrise.ch,13/03/2025,14/04/2026,647098.sdwan.sunrise.ch
649686.sdwan.sunrise.ch,18/11/2025,18/11/2025,
acs-ssl2.sunrise.ch,25/04/2025,27/05/2026,acs-ssl2.sunrise.ch
acst-ssl2.sunrise.ch,25/04/2025,27/05/2026,acst-ssl2.sunrise.ch
addressmaster.intern.upc.ch,04/12/2024,05/01/2026,addressmaster.intern.upc.ch
addressmaster.intern.upc.ch,04/12/2024,05/01/2026,psrlocapp-fes01.intern.upc.ch
api.b2b.sunrise.ch,06/12/2024,07/01/2026,api.b2b.sunrise.ch
api.iot.sunrise.ch,09/05/2025,10/06/2026,api.iot.sunrise.ch
api.iot.sunrise.ch,09/05/2025,10/06/2026,docs.iot.sunrise.ch
api.iot-t01.sunrise.ch,09/04/2025,11/05/2026,api.iot-t01.sunrise.ch
api.iot-t01.sunrise.ch,09/04/2025,11/05/2026,docs.iot-t01.sunrise.ch
api.sunrise.ch,28/03/2025,29/04/2026,api.sunrise.ch
api01.sunrise.ch,19/01/2024,19/02/2025,api01.sunrise.ch
api03.sunrise.ch,27/08/2024,28/09/2025,api03.sunrise.ch
api2.sunrise.ch,24/12/2024,25/01/2026,api2.sunrise.ch
api-t01.sunrise.ch,06/11/2024,08/12/2025,api-t01.sunrise.ch
api-t01.sunrise.ch,06/11/2024,08/12/2025,api-t02.sunrise.ch
api-t01.sunrise.ch,06/11/2024,08/12/2025,api-t03.sunrise.ch
ariba.sunrise.net,07/05/2025,08/06/2026,ariba.sunrise.net
auth.sunrise.ch,15/10/2024,16/11/2025,auth.sunrise.ch
auth-test.sunrise.ch,14/10/2024,15/11/2025,auth-test.sunrise.ch
autodiscover.sunrise.ch,17/10/2024,18/11/2025,autodiscover.sunrise.ch
b2bloadbalancer.intern.upc.ch,18/11/2025,18/11/2025,
b2bloadbalanceruat.intern.upc.ch,04/07/2025,22/07/2026,b2bloadbalanceruat.intern.upc.ch
b2bsiptrh.upc.ch,18/11/2025,18/11/2025,
b2bxfap.intern.upc.ch,11/12/2024,12/01/2026,b2bxfap.intern.upc.ch
b2bxfap.intern.upc.ch,11/12/2024,12/01/2026,psrb2bxfap01.intern.upc.ch
b2bxfap.intern.upc.ch,11/12/2024,12/01/2026,psrb2bxfap02.intern.upc.ch
b2bxfap.intern.upc.ch,11/12/2024,12/01/2026,psrb2bxfap03.intern.upc.ch
b2bxfap.intern.upc.ch,11/12/2024,12/01/2026,b2bxcarrier.intern.upc.ch
b2bxsm.intern.upc.ch,27/05/2025,28/06/2026,b2bxsm.intern.upc.ch
b2bxsm.intern.upc.ch,27/05/2025,28/06/2026,psrb2bxsm01.intern.upc.ch
b2bxsm.intern.upc.ch,27/05/2025,28/06/2026,tsrb2bxsm01.intern.upc.ch
bcm.upc.ch,18/11/2025,18/11/2025,
bovis02.intern.upc.ch,26/08/2025,28/07/2026,bovis02.intern.upc.ch
bpa.sunrise.net,15/07/2024,16/08/2025,bpa.sunrise.net
brand.sunrise.net,18/11/2025,18/11/2025,
business-support.sunrise.net,06/12/2024,07/01/2026,business-support.sunrise.net
business-support-test.sunrise.net,18/11/2025,18/11/2025,
campaign.sunrise.ch,23/01/2025,24/02/2026,campaign.sunrise.ch
campaign.sunrise.ch,23/01/2025,24/02/2026,emarketing.sunrise.ch
campaign.sunrise.ch,23/01/2025,24/02/2026,survey.sunrise.ch
careers.sunrise.ch,23/05/2025,24/06/2026,careers.sunrise.ch
cbftp.upc.ch,14/07/2025,15/08/2026,cbftp.upc.ch
cbftp.upc.ch,14/07/2025,15/08/2026,psrb2bsftp02.intern.upc.ch
cbftp.upc.ch,14/07/2025,15/08/2026,cbftp.sunrise.ch
cct.sunrise.ch,21/03/2024,22/04/2025,cct.sunrise.ch
cfa-api.sunrise.net,27/03/2024,28/04/2025,cfa-api.sunrise.net
client-vpn.sunrise.net,11/09/2024,13/10/2025,client-vpn.sunrise.net
client-vpn.sunrise.net,11/09/2024,13/10/2025,www.client-vpn.sunrise.net
cnlab-service.upc.ch,25/03/2025,26/04/2026,cnlab-service.upc.ch
cockpit.sunrise.ch,10/11/2025,12/12/2026,cockpit.sunrise.ch
community.sunrise.ch,28/04/2025,30/05/2026,community.sunrise.ch
confluence.upc.ch,25/11/2024,27/12/2025,confluence.upc.ch
csr.sunrise.ch,29/10/2024,30/11/2025,csr.sunrise.ch
csr.sunrise.ch,29/10/2024,30/11/2025,csr-en.sunrise.ch
csr.sunrise.ch,29/10/2024,30/11/2025,csr-fr.sunrise.ch
csr.sunrise.ch,29/10/2024,30/11/2025,csr-it.sunrise.ch
ctsp.upc.ch,19/03/2024,20/04/2025,ctsp.upc.ch
ctsp-services-test.intern.upc.ch,01/04/2025,03/05/2026,ctsp-services-test.intern.upc.ch
customer-service.intern.upc.ch,03/10/2025,04/11/2026,customer-service.intern.upc.ch
customer-service.intern.upc.ch,03/10/2025,04/11/2026,psrb2blocapp01.intern.upc.ch
d-ariba.sunrise.net,03/10/2025,04/11/2026,d-ariba.sunrise.net
d-glarotech.sunrise.net,03/10/2025,04/11/2026,d-glarotech.sunrise.net
digitalsignage.upc.ch,25/11/2024,27/12/2025,digitalsignage.upc.ch
doh.bbeng.sunrise.net,27/01/2025,28/02/2026,doh.bbeng.sunrise.net
dplugtool.intern.upc.ch,18/11/2025,18/11/2025,
dsrb2be2ech01.intern.upc.ch,09/06/2025,11/07/2026,dsrb2be2ech01.intern.upc.ch
e-deliverymobile.sunrise.ch,18/07/2024,09/08/2025,e-deliverymobile.sunrise.ch
ems.sunrise.net,18/11/2025,18/11/2025,
extopus.intern.upc.ch,27/05/2025,28/06/2026,extopus.intern.upc.ch
extopustest.intern.upc.ch,27/05/2025,28/06/2026,extopustest.intern.upc.ch
extranet.sunrise.net,07/05/2024,08/06/2025,extranet.sunrise.net
extranet.sunrise.net,07/05/2024,08/06/2025,pag-extranet.sunrise.net
federation.sunrise.net,06/12/2024,07/01/2026,federation.sunrise.net
federation.sunrise.net,06/12/2024,07/01/2026,enterpriseregistration.sunrise.net
hibox-t.sunrise.net,06/05/2025,07/06/2026,hibox-t.sunrise.net
hsi.upc.ch,29/11/2024,31/12/2025,hsi.upc.ch
hsi.upc.ch,29/11/2024,31/12/2025,ipv4-hsi.upc.ch
hsi.upc.ch,29/11/2024,31/12/2025,ipv6-hsi.upc.ch
huma.intern.upc.ch,08/04/2025,10/05/2026,huma.intern.upc.ch
iag-vdi.sunrise.net,22/05/2024,23/06/2025,iag-vdi.sunrise.net
iag-vdi.sunrise.net,22/05/2024,23/06/2025,iag1-vdi.sunrise.net
iag-vdi.sunrise.net,22/05/2024,23/06/2025,iag2-vdi.sunrise.net
idc.chmobile.ch,11/08/2025,12/09/2026,idc.chmobile.ch
idc.lebara.ch,18/11/2025,18/11/2025,
immo.intern.upc.ch,20/06/2025,22/07/2026,immo.intern.upc.ch
immo.intern.upc.ch,20/06/2025,22/07/2026,immo.upc.ch
immo.upc.ch,26/12/2024,27/01/2026,immo.upc.ch
infraregistry.sunrise.net,08/04/2025,10/05/2026,infraregistry.sunrise.net
innoengine.sunrise.ch,15/12/2023,15/01/2025,innoengine.sunrise.ch
insider.sunrise.ch,13/05/2024,14/06/2025,internet.sunrise.ch
insider.sunrise.ch,13/05/2024,14/06/2025,insider.sunrise.ch
interface.sunrise.ch,18/11/2025,18/11/2025,
interfaceca.sunrise.ch,29/08/2025,30/09/2026,interfaceca.sunrise.ch
interfaceca-test.sunrise.ch,22/11/2024,24/12/2025,interfaceca-test.sunrise.ch
interface-test.sunrise.ch,04/07/2024,05/08/2025,interface-test.sunrise.ch
internet.sunrise.ch,13/05/2024,14/06/2025,internet.sunrise.ch
internet.sunrise.ch,13/05/2024,14/06/2025,insider.sunrise.ch
iot-t01.sunrise.ch,18/11/2024,20/12/2025,iot-t01.sunrise.ch
jahia.sunrise.net,21/05/2024,22/06/2025,jahia.sunrise.net
jira.upc.ch,25/11/2024,27/12/2025,jira.upc.ch
jit-immo.intern.upc.ch,20/06/2025,22/07/2026,jit-immo.intern.upc.ch
jit-immo.upc.ch,23/06/2025,25/07/2026,jit-immo.upc.ch
leitungskataster.upc.ch,07/04/2025,09/05/2026,leitungskataster.upc.ch
login.intern.upc.ch,25/11/2024,27/12/2025,login.intern.upc.ch
login.upc.ch,18/11/2025,18/11/2025,
marketplace.sunrise.ch,18/11/2025,18/11/2025,
mip.sunrise.ch,25/10/2024,26/11/2025,mip.sunrise.ch
mip.sunrise.ch,25/10/2024,26/11/2025,www.mip.sunrise.ch
mlog.sunrise.ch,03/12/2024,04/01/2026,mlog.upc.ch
mlog.sunrise.ch,03/12/2024,04/01/2026,mlog.sunrise.ch
mlog.upc.ch,03/12/2024,04/01/2026,mlog.upc.ch
mlog.upc.ch,03/12/2024,04/01/2026,mlog.sunrise.ch
mlog-dev.intern.upc.ch,25/03/2025,26/04/2026,mlog-dev.intern.upc.ch
mlog-t01.sunrise.net,06/08/2024,07/09/2025,mlog-t01.sunrise.net
mlog-t01.sunrise.net,06/08/2024,07/09/2025,mlog-t02.sunrise.net
mlog-t01.sunrise.net,06/08/2024,07/09/2025,mlog-t03.sunrise.net
mlog-test.intern.upc.ch,28/03/2025,29/04/2026,mlog-test.intern.upc.ch
mlog-test.sunrise.ch,04/10/2024,05/11/2025,mlog-test.sunrise.ch
mobile-vpn.sunrise.net,27/05/2025,28/06/2026,mobile-vpn.sunrise.net
msm.sunrise.ch,23/08/2024,24/09/2025,msm.sunrise.ch
msm.sunrise.ch,23/08/2024,24/09/2025,www.msm.sunrise.ch
msm-t01.sunrise.ch,06/10/2025,07/11/2026,msm-t01.sunrise.ch
mx10.sunrise.net,24/10/2025,25/11/2026,mx10.sunrise.net
mx10.sunrise.net,24/10/2025,25/11/2026,mx20.sunrise.net
mx10.sunrise.net,24/10/2025,25/11/2026,mx30.sunrise.net
mx10.sunrise.net,24/10/2025,25/11/2026,mx40.sunrise.net
mybusiness.sunrise.ch,06/12/2024,07/01/2026,mybusiness.sunrise.ch
mybusiness.upc.ch,07/08/2024,08/09/2025,mybusiness.upc.ch
mybusinessjit.sunrise.ch,06/12/2024,07/01/2026,mybusinessjit.sunrise.ch
mybusinessjit.upc.ch,06/12/2024,07/01/2026,mybusinessjit.upc.ch
mybusinessuat.sunrise.ch,06/12/2024,07/01/2026,mybusinessuat.sunrise.ch
mybusinessuat.upc.ch,06/12/2024,07/01/2026,mybusinessuat.upc.ch
myupcext.upc.ch,16/05/2024,17/06/2025,myupcext.upc.ch
nca.sunrise.net,05/11/2025,07/12/2026,nca.sunrise.net
nca-t01.sunrise.net,04/11/2025,06/12/2026,nca-t01.sunrise.net
netcracker.intern.upc.ch,16/06/2025,18/07/2026,netcracker.intern.upc.ch
netcracker-jb2b.intern.upc.ch,11/04/2025,13/05/2026,netcracker-jb2b.intern.upc.ch
netcracker-jb2c.intern.upc.ch,11/04/2025,13/05/2026,netcracker-jb2c.intern.upc.ch
netcracker-ts.intern.upc.ch,11/04/2025,13/05/2026,netcracker-ts.intern.upc.ch
netcracker-uat.intern.upc.ch,16/06/2025,18/07/2026,netcracker-uat.intern.upc.ch
newbuildtool.upc.ch,29/02/2024,01/04/2025,newbuildtool.upc.ch
nexus.sunrise.ch,17/11/2025,19/12/2026,nexus.sunrise.ch
nms.intern.upc.ch,22/09/2025,24/10/2026,nms.intern.upc.ch
NONPROD-nlb.com-api-gtw.sunrise.net,18/02/2025,22/03/2026,NONPROD-nlb.com-api-gtw.sunrise.net
offertool.sunrise.ch,27/02/2025,31/03/2026,offertool.sunrise.ch
officewifi.sunrise.net,14/03/2025,15/04/2026,officewifi.sunrise.net
oidp.sunrise.ch,21/03/2024,22/04/2025,oidp.sunrise.ch
olympus.sunrise.ch,17/09/2024,19/10/2025,olympus.sunrise.ch
one.sunrise.net,31/10/2025,29/01/2026,demo.one.sunrise.net
online-shop.aldi-mobile.ch,15/07/2025,14/07/2026,online-shop.aldi-mobile.ch
online-shop.aldi-mobile.ch,15/07/2025,14/07/2026,pos.aldi-mobile.ch
openid-provider.sunrise.ch,16/12/2024,17/01/2026,openid-provider.sunrise.ch
openid-provider.sunrise.ch,16/12/2024,17/01/2026,www.openid-provider.sunrise.ch
orbit.sunrise.ch,18/03/2025,19/04/2026,orbit.sunrise.ch
order.upc.ch,20/05/2025,21/06/2026,order.upc.ch
order-qa-ng.intern.upc.ch,20/05/2025,21/06/2026,order-qa-ng.intern.upc.ch
ott.sunrise.ch,12/06/2024,14/07/2025,ott.sunrise.ch
ott-t01.sunrise.ch,26/05/2025,27/06/2026,ott-t01.sunrise.ch
ott-t01.sunrise.ch,26/05/2025,27/06/2026,ott-t02.sunrise.ch
ott-t01.sunrise.ch,26/05/2025,27/06/2026,ott-t03.sunrise.ch
ott-t01.sunrise.ch,26/05/2025,27/06/2026,ott-dev.sunrise.ch
pag-vdi.sunrise.net,20/05/2025,21/06/2026,pag-vdi.sunrise.net
pag-vdi.sunrise.net,20/05/2025,21/06/2026,pag1-vdi.sunrise.net
pag-vdi.sunrise.net,20/05/2025,21/06/2026,pag2-vdi.sunrise.net
pag-vdi.sunrise.net,20/05/2025,21/06/2026,pag3-vdi.sunrise.net
pag-vdi.sunrise.net,20/05/2025,21/06/2026,pag4-vdi.sunrise.net
pag-vdi.sunrise.net,20/05/2025,21/06/2026,pag5-vdi.sunrise.net
pag-vdi.sunrise.net,20/05/2025,21/06/2026,pag6-vdi.sunrise.net
papamoll.cablecom.ch,21/07/2025,22/08/2026,papamoll.cablecom.ch
pbp.sunrise.ch,14/10/2025,15/11/2026,pbp.sunrise.ch
pbp-t01.sunrise.ch,01/07/2025,02/08/2026,pbp-t01.sunrise.ch
pbp-t01.sunrise.ch,01/07/2025,02/08/2026,pbp-t03.sunrise.ch
pbp-t01.sunrise.ch,01/07/2025,02/08/2026,pbp-t02.sunrise.ch
pbp-t01.sunrise.ch,01/07/2025,02/08/2026,pbp-t04.sunrise.ch
pcp01.sunrise.ch,27/08/2024,28/09/2025,pcp01.sunrise.ch
pki-e.sunrise.net,04/09/2024,06/10/2025,pki-e.sunrise.net
p-mlog-vip-01.sunrise.net,04/09/2024,06/10/2025,p-mlog-vip-01.sunrise.net
pos.admin.yol.ch,07/04/2025,09/05/2026,pos.admin.yol.ch
pp-t01.sunrise.ch,01/07/2025,02/08/2026,pp-t01.sunrise.ch
pp-t01.sunrise.ch,01/07/2025,02/08/2026,pp-t02.sunrise.ch
pp-t01.sunrise.ch,01/07/2025,02/08/2026,pp-t03.sunrise.ch
pp-t01.sunrise.ch,01/07/2025,02/08/2026,pp-t04.sunrise.ch
pra.sunrise.net,12/11/2025,14/12/2026,pra.sunrise.net
prd-immo.upc.ch,03/10/2025,04/11/2026,prd-immo.upc.ch
prd-immo.upc.ch,03/10/2025,04/11/2026,prd-immo.intern.upc.ch
prd-llp-core.intern.upc.ch,03/10/2025,04/11/2026,prd-llp-core.intern.upc.ch
prd-llp-core.intern.upc.ch,03/10/2025,04/11/2026,prd-llp-core-01.intern.upc.ch
prd-llp-core.intern.upc.ch,03/10/2025,04/11/2026,prd-llp-core-02.intern.upc.ch
prd-llp-core.intern.upc.ch,03/10/2025,04/11/2026,prd-llp-core-03.intern.upc.ch
prd-llp-core.intern.upc.ch,03/10/2025,04/11/2026,prd-llp-core-04.intern.upc.ch
prd-llp-front.intern.upc.ch,03/10/2025,04/11/2026,prd-llp-front.intern.upc.ch
prd-llp-front.intern.upc.ch,03/10/2025,04/11/2026,prd-llp-front-01.intern.upc.ch
prd-llp-front.intern.upc.ch,03/10/2025,04/11/2026,prd-llp-front-02.intern.upc.ch
prd-llp-front.intern.upc.ch,03/10/2025,04/11/2026,prd-llp-front-03.intern.upc.ch
prd-llp-front.intern.upc.ch,03/10/2025,04/11/2026,prd-llp-front-04.intern.upc.ch
prd-llp-iam.intern.upc.ch,03/10/2025,04/11/2026,prd-llp-iam.intern.upc.ch
prd-llp-iam.intern.upc.ch,03/10/2025,04/11/2026,prd-llp-iam-01.intern.upc.ch
prd-llp-iam.intern.upc.ch,03/10/2025,04/11/2026,prd-llp-iam-02.intern.upc.ch
prd-llp-iam.intern.upc.ch,03/10/2025,04/11/2026,prd-llp-iam-03.intern.upc.ch
prd-llp-iam.intern.upc.ch,03/10/2025,04/11/2026,prd-llp-iam-03b.intern.upc.ch
prd-llp-iam.intern.upc.ch,03/10/2025,04/11/2026,prd-llp-iam-04.intern.upc.ch
prd-llp-iam.intern.upc.ch,03/10/2025,04/11/2026,prd-llp-iam-04b.intern.upc.ch
PROD-nlb.com-api-gtw.sunrise.net,18/02/2025,22/03/2026,PROD-nlb.com-api-gtw.sunrise.net
promotions.upc.ch,03/07/2025,04/08/2026,promotions.upc.ch
pros.e-fon.ch,13/10/2025,14/11/2026,pros.e-fon.ch
prov.sunrise.ch,17/11/2025,19/12/2026,prov.sunrise.ch
psraav01.intern.upc.ch,03/04/2025,05/05/2026,psraav01.intern.upc.ch
psraav02.intern.upc.ch,03/04/2025,05/05/2026,psraav02.intern.upc.ch
psraavproxy01.intern.upc.ch,03/04/2025,05/05/2026,psraavproxy01.intern.upc.ch
psrb2be2ech03.intern.upc.ch,18/11/2025,20/12/2026,psrb2be2ech03.intern.upc.ch
psrb2be2ech04.intern.upc.ch,18/11/2025,20/12/2026,psrb2be2ech04.intern.upc.ch
psrbos02.intern.upc.ch,08/09/2025,10/10/2026,psrbos02.intern.upc.ch
psrilog01.intern.upc.ch,08/09/2025,10/10/2026,psrilog01.intern.upc.ch
psrproxy09n1.intern.upc.ch,08/04/2025,10/05/2026,psrproxy09n1.intern.upc.ch
psrproxy09n2.intern.upc.ch,08/04/2025,10/05/2026,psrproxy09n2.intern.upc.ch
psrSAPGRC01.intern.upc.ch,01/08/2025,02/09/2026,psrSAPGRC01.intern.upc.ch
pwp.upc.ch,31/10/2024,02/12/2025,pwp.upc.ch
q-ariba.sunrise.net,26/11/2024,28/12/2025,q-ariba.sunrise.net
rest.lebara.ch,12/11/2025,14/12/2026,rest.lebara.ch
rest.yallo.ch,03/08/2025,04/09/2026,rest.yallo.ch
rest.yallo.ch,03/08/2025,04/09/2026,www.rest.yallo.ch
rest-yallo-t01.sunrise.ch,18/11/2025,18/11/2025,
sams-rfq.sunrise.net,04/09/2024,06/10/2025,sams-rfq.sunrise.net
sams-rfq-test.sunrise.net,16/10/2025,17/11/2026,sams-rfq-test.sunrise.net
sapmobileinv.sunrise.net,25/09/2025,27/10/2026,sapmobileinv.sunrise.net
sddosp.sunrise.ch,05/05/2025,06/06/2026,sddosp.sunrise.ch
sddosp.sunrise.ch,05/05/2025,06/06/2026,sddosp.ssia.sunrise.ch
sd-rproxy.upc.ch,14/10/2025,15/11/2026,sd-rproxy.upc.ch
sd-rproxy-test.upc.ch,15/11/2024,17/12/2025,sd-rproxy-test.upc.ch
sds.sunrise.ch,22/11/2024,24/12/2025,sds.sunrise.ch
sds.sunrise.ch,22/11/2024,24/12/2025,www.sds.sunrise.ch
sdwan.sunrise.ch,22/10/2025,23/11/2026,sdwan.sunrise.ch
sdwan.sunrise.ch,22/10/2025,23/11/2026,593360.sdwan.sunrise.ch
sdwan.sunrise.ch,22/10/2025,23/11/2026,580478.sdwan.sunrise.ch
sdwan.sunrise.ch,22/10/2025,23/11/2026,586736.sdwan.sunrise.ch
sdwan.sunrise.ch,22/10/2025,23/11/2026,574916.sdwan.sunrise.ch
sdwan.sunrise.ch,22/10/2025,23/11/2026,605692.sdwan.sunrise.ch
sdwan.sunrise.ch,22/10/2025,23/11/2026,621518.sdwan.sunrise.ch
sdwan.sunrise.ch,22/10/2025,23/11/2026,647385.sdwan.sunrise.ch
sdwan.sunrise.ch,22/10/2025,23/11/2026,651463.sdwan.sunrise.ch
sdwan.sunrise.ch,22/10/2025,23/11/2026,666591.sdwan.sunrise.ch
sdwan.sunrise.ch,22/10/2025,23/11/2026,663414.sdwan.sunrise.ch
sdwan.sunrise.ch,22/10/2025,23/11/2026,659393.sdwan.sunrise.ch
sdwan.sunrise.ch,22/10/2025,23/11/2026,658777.sdwan.sunrise.ch
sdwan.sunrise.ch,22/10/2025,23/11/2026,vmanage-upcch-msp.sdwan.sunrise.ch
sdwan.sunrise.ch,22/10/2025,23/11/2026,sdwan.sunrise.ch
sdwan.sunrise.ch,22/10/2025,23/11/2026,593360.sdwan.sunrise.ch
sdwan.sunrise.ch,22/10/2025,23/11/2026,580478.sdwan.sunrise.ch
sdwan.sunrise.ch,22/10/2025,23/11/2026,586736.sdwan.sunrise.ch
sdwan.sunrise.ch,22/10/2025,23/11/2026,574916.sdwan.sunrise.ch
sdwan.sunrise.ch,22/10/2025,23/11/2026,605692.sdwan.sunrise.ch
sdwan.sunrise.ch,22/10/2025,23/11/2026,621518.sdwan.sunrise.ch
sdwan.sunrise.ch,22/10/2025,23/11/2026,647385.sdwan.sunrise.ch
sdwan.sunrise.ch,22/10/2025,23/11/2026,651463.sdwan.sunrise.ch
sdwan.sunrise.ch,22/10/2025,23/11/2026,666591.sdwan.sunrise.ch
sdwan.sunrise.ch,22/10/2025,23/11/2026,663414.sdwan.sunrise.ch
sdwan.sunrise.ch,22/10/2025,23/11/2026,659393.sdwan.sunrise.ch
sdwan.sunrise.ch,22/10/2025,23/11/2026,658777.sdwan.sunrise.ch
sdwan.sunrise.ch,22/10/2025,23/11/2026,vmanage-upcch-msp.sdwan.sunrise.ch
sdwan.sunrise.ch,22/10/2025,23/11/2026,sdwan.sunrise.ch
sdwan.sunrise.ch,22/10/2025,23/11/2026,593360.sdwan.sunrise.ch
sdwan.sunrise.ch,22/10/2025,23/11/2026,580478.sdwan.sunrise.ch
sdwan.sunrise.ch,22/10/2025,23/11/2026,586736.sdwan.sunrise.ch
sdwan.sunrise.ch,22/10/2025,23/11/2026,574916.sdwan.sunrise.ch
sdwan.sunrise.ch,22/10/2025,23/11/2026,605692.sdwan.sunrise.ch
sdwan.sunrise.ch,22/10/2025,23/11/2026,621518.sdwan.sunrise.ch
sdwan.sunrise.ch,22/10/2025,23/11/2026,647385.sdwan.sunrise.ch
sdwan.sunrise.ch,22/10/2025,23/11/2026,651463.sdwan.sunrise.ch
sdwan.sunrise.ch,22/10/2025,23/11/2026,666591.sdwan.sunrise.ch
sdwan.sunrise.ch,22/10/2025,23/11/2026,663414.sdwan.sunrise.ch
sdwan.sunrise.ch,22/10/2025,23/11/2026,659393.sdwan.sunrise.ch
sdwan.sunrise.ch,22/10/2025,23/11/2026,658777.sdwan.sunrise.ch
sdwan.sunrise.ch,22/10/2025,23/11/2026,vmanage-upcch-msp.sdwan.sunrise.ch
semi.sunrise.net,24/09/2025,26/10/2026,semi.sunrise.net
semi.sunrise.net,24/09/2025,26/10/2026,t-semi.sunrise.net
semi-d.sunrise.net,23/04/2025,25/05/2026,semi-d.sunrise.net
semi-t.sunrise.net,23/04/2025,25/05/2026,semi-t.sunrise.net
sftp.sunrise.net,18/01/2024,18/02/2025,sftp.sunrise.net
sftp-t.sunrise.net,23/09/2024,25/10/2025,sftp-t.sunrise.net
sftp-t.sunrise.net,23/09/2024,25/10/2025,sat-t.sunrise.net
shop.sunrise.ch,26/02/2024,29/03/2025,shop.sunrise.ch
sla-tool.intern.upc.ch,16/12/2024,17/01/2026,sla-tool.intern.upc.ch
sms-activity.sunrise.net,23/10/2025,24/11/2026,sms-activity.sunrise.net
spider.upc.ch,29/07/2024,30/08/2025,spider.upc.ch
srs.sunrise.ch,03/09/2025,05/10/2026,srs.sunrise.ch
srs-t01.sunrise.ch,03/09/2025,05/10/2026,srs-t01.sunrise.ch
subscription.upc.ch,17/05/2024,18/06/2025,subscription.upc.ch
sunrise-b2c-chat.sunrise.ch,21/04/2025,23/05/2026,sunrise-b2c-chat.sunrise.ch
sweep.sunrise.ch,03/02/2025,07/03/2026,sweep.sunrise.ch
t.sunrise.ch,29/10/2025,30/11/2026,t.sunrise.ch
t.sunrise.ch,29/10/2025,30/11/2026,t.lebara.ch
t.sunrise.ch,29/10/2025,30/11/2026,t.yallo.ch
t.sunrise.ch,29/10/2025,30/11/2026,t.chmobile.ch
t.sunrise.ch,29/10/2025,30/11/2026,t.aldi-mobile.ch
tag-vdi.sunrise.net,27/06/2024,29/07/2025,tag-vdi.sunrise.net
tag-vdi.sunrise.net,27/06/2024,29/07/2025,tag2-vdi.sunrise.net
tag-vdi.sunrise.net,27/06/2024,29/07/2025,tag1-vdi.sunrise.net
taifund1.intern.upc.ch,23/09/2025,25/10/2026,taifund1.intern.upc.ch
taifund2.intern.upc.ch,23/09/2025,25/10/2026,taifund2.intern.upc.ch
taifund3.intern.upc.ch,23/09/2025,25/10/2026,taifund3.intern.upc.ch
taifunprod.intern.upc.ch,23/09/2025,25/10/2026,taifunprod.intern.upc.ch
taifunt1.intern.upc.ch,23/09/2025,25/10/2026,taifunt1.intern.upc.ch
taifunuat.intern.upc.ch,23/09/2025,25/10/2026,taifunuat.intern.upc.ch
talk.cloudpbx.sunrise.ch,18/11/2025,18/11/2025,
tbpa.sunrise.net,16/07/2024,17/08/2025,tbpa.sunrise.net
telcobill.sunrise.ch,23/08/2024,24/09/2025,telcobill.sunrise.ch
telcobill.sunrise.ch,23/08/2024,24/09/2025,www.telcobill.sunrise.ch
telco-integrations.sunrise.net,15/04/2025,17/05/2026,telco-integrations.sunrise.net
tessi.sunrise.net,08/05/2025,09/06/2026,tessi.sunrise.net
test-idc.dev.chmobile.ch,11/08/2025,12/09/2026,test-idc.dev.chmobile.ch
test-idc.dev.chmobile.ch,11/08/2025,12/09/2026,integration-idc.dev.chmobile.ch
test-idc.dev.chmobile.ch,11/08/2025,12/09/2026,preprod-idc.dev.chmobile.ch
test-idc.dev.lebara.ch,17/06/2025,19/07/2026,test-idc.dev.lebara.ch
test-idc.dev.lebara.ch,17/06/2025,19/07/2026,integration-idc.dev.lebara.ch
test-idc.dev.lebara.ch,17/06/2025,19/07/2026,preprod-idc.dev.lebara.ch
test-idc.dev.yallo.ch,09/04/2024,11/05/2025,test-idc.dev.yallo.ch
test-idc.dev.yallo.ch,09/04/2024,11/05/2025,integration-idc.dev.yallo.ch
test-idc.dev.yallo.ch,09/04/2024,11/05/2025,preprod-idc.dev.yallo.ch
thdpunisher.intern.upc.ch,12/11/2025,14/12/2026,thdpunisher.intern.upc.ch
tsraav01.intern.upc.ch,28/01/2025,01/03/2026,tsraav01.intern.upc.ch
tsraav02.intern.upc.ch,20/02/2025,24/03/2026,tsraav02.intern.upc.ch
tsrb2be2ech01.intern.upc.ch,09/06/2025,11/07/2026,tsrb2be2ech01.intern.upc.ch
tsrb2be2ech02.intern.upc.ch,18/11/2025,18/11/2025,
tsrb2btools01.intern.upc.ch,12/12/2024,13/01/2026,tsrb2btools01.intern.upc.ch
tvauth.sunrise.ch,29/05/2024,30/06/2025,tvauth.sunrise.ch
tvauth-t01.sunrise.ch,26/05/2025,27/06/2026,tvauth-t01.sunrise.ch
tvauth-t01.sunrise.ch,26/05/2025,27/06/2026,tvauth-t02.sunrise.ch
tvauth-t01.sunrise.ch,26/05/2025,27/06/2026,tvauth-t03.sunrise.ch
tvauth-t01.sunrise.ch,26/05/2025,27/06/2026,tvauth-dev.sunrise.ch
uat-immo.upc.ch,20/08/2025,21/09/2026,uat-immo.upc.ch
uat-immo.upc.ch,20/08/2025,21/09/2026,uat-immo.intern.upc.ch
uat-immo.upc.ch,20/08/2025,21/09/2026,uat-immo.upc.ch
uat-immo.upc.ch,20/08/2025,21/09/2026,uat-immo.intern.upc.ch
voice4broadband.upc.ch,29/09/2025,31/10/2026,voice4broadband.upc.ch
voice4broadband.upc.ch,29/09/2025,31/10/2026,voice4broadband.sunrise.ch
voice4broadbandd1.upc.ch,29/09/2025,31/10/2026,voice4broadbandd1.upc.ch
voice4broadbandd1.upc.ch,29/09/2025,31/10/2026,voice4broadbandd1.sunrise.ch
voice4broadbandtest.upc.ch,29/09/2025,31/10/2026,voice4broadbandtest.upc.ch
voice4broadbandtest.upc.ch,29/09/2025,31/10/2026,voice4broadbandtest.sunrise.ch
voice4broadbanduat.upc.ch,29/09/2025,31/10/2026,voice4broadbanduat.upc.ch
voice4broadbanduat.upc.ch,29/09/2025,31/10/2026,voice4broadbanduat.sunrise.ch
voiceportal.business.upc.ch,30/07/2025,31/08/2026,voiceportal.business.upc.ch
vpbx.sunrise.ch,26/09/2024,28/10/2025,vpbx.sunrise.ch
vvm2.sunrise.ch,22/10/2025,23/11/2026,vvm2.sunrise.ch
vvm2.test.sunrise.ch,17/03/2025,18/04/2026,vvm2.test.sunrise.ch
vvm3.sunrise.ch,24/10/2024,25/11/2025,vvm3.sunrise.ch
vvm3.test.sunrise.ch,12/03/2024,13/04/2025,vvm3.test.sunrise.ch
vvm4.test.sunrise.ch,17/03/2025,18/04/2026,vvm4.test.sunrise.ch
vvm5.test.sunrise.ch,12/03/2024,13/04/2025,vvm5.test.sunrise.ch
webgis.upc.ch,17/04/2024,19/05/2025,webgis.upc.ch
webgis-test.upc.ch,15/10/2024,16/11/2025,webgis-test.upc.ch
wholesale.upc.ch,30/04/2024,01/06/2025,wholesale.upc.ch
whs.onehub.sunrise.ch,02/09/2024,04/10/2025,whs.onehub.sunrise.ch
whs.onehubplus.sunrise.ch,02/09/2024,04/10/2025,whs.onehubplus.sunrise.ch
www.mysports.ch,17/09/2024,19/10/2025,www.mysports.ch
www.mysports.ch,17/09/2024,19/10/2025,mysports.ch
www.sunrise.ch,18/11/2025,20/12/2026,www.sunrise.ch
www.sunrise.ch,18/11/2025,20/12/2026,sunrise.ch
www.upc.ch,19/05/2025,20/06/2026,www.upc.ch
www.upc.ch,19/05/2025,20/06/2026,www-app.upc.ch
www.upc.ch,19/05/2025,20/06/2026,origin.www.upc.ch
www.upc.ch,19/05/2025,20/06/2026,origin.idm.upc.ch
www.upc.ch,19/05/2025,20/06/2026,upc.ch
www-t00.sunrise.ch,12/05/2025,13/06/2026,www-t00.sunrise.ch
www-t01.sunrise.ch,12/05/2025,13/06/2026,www-t01.sunrise.ch
www-t02.sunrise.ch,12/05/2025,13/06/2026,www-t02.sunrise.ch
www-t03.sunrise.ch,12/05/2025,13/06/2026,www-t03.sunrise.ch
www-t04.sunrise.ch,06/12/2024,07/01/2026,www-t04.sunrise.ch
633480.sdwan.sunrise.ch,03/03/2025,04/04/2026,633480.sdwan.sunrise.ch
web.e-fon.ch,15/01/2024,15/02/2025,web.e-fon.ch
*.sunlab.ch,15/01/2025,16/02/2026,*.sunlab.ch
*.sunlab.ch,15/01/2025,16/02/2026,sunlab.ch
542113.sdwan.upc.ch,10/11/2025,12/12/2026,542113.sdwan.upc.ch
573370.sdwan.upc.ch,13/02/2025,14/03/2026,573370.sdwan.upc.ch
575719.sdwan.sunrise.ch,20/11/2025,20/11/2025,
578872.sdwan.sunrise.ch,20/03/2025,21/04/2026,578872.sdwan.sunrise.ch
587041.sdwan.sunrise.ch,04/09/2025,06/10/2026,587041.sdwan.sunrise.ch
614825.sdwan.sunrise.ch,07/10/2025,08/11/2026,614825.sdwan.sunrise.ch
aav.intern.upc.ch,08/04/2025,10/05/2026,aav.intern.upc.ch
aav.upc.ch,08/04/2025,10/05/2026,aav.upc.ch
b2b.partnerhub.sunrise.ch,26/05/2025,27/06/2026,b2b.partnerhub.sunrise.ch
b2btorrus05.intern.upc.ch,11/03/2025,12/04/2026,b2btorrus05.intern.upc.ch
b2btorrus05.intern.upc.ch,11/03/2025,12/04/2026,psrb2btorrus05.intern.upc.ch
b2btorrus06.intern.upc.ch,11/03/2025,12/04/2026,b2btorrus06.intern.upc.ch
b2btorrus06.intern.upc.ch,11/03/2025,12/04/2026,psrb2btorrus06.intern.upc.ch
b2btrunk.upc.ch,18/02/2025,22/03/2026,b2btrunk.upc.ch
ch-nseOTF201.intern.upc.ch,10/10/2025,09/11/2026,ch-nseOTF201.intern.upc.ch
ch-nseOTF201.intern.upc.ch,10/10/2025,09/11/2026,ch-nseotf101.intern.upc.ch
ch-nseOTF201.intern.upc.ch,10/10/2025,09/11/2026,ch-nseotf202.intern.upc.ch
ch-nseOTF201.intern.upc.ch,10/10/2025,09/11/2026,ch-nseotf102.intern.upc.ch
ch-wla01a-ngcp-web01.intern.upc.ch,28/03/2025,29/04/2026,ch-wla01a-ngcp-web01.intern.upc.ch
CHZRHTGISA403.upcit.ds.upc.biz,18/06/2025,18/07/2026,CHZRHTGISA403.upcit.ds.upc.biz
CHZRHTGISA405.upcit.ds.upc.biz,16/06/2025,18/07/2026,CHZRHTGISA405.upcit.ds.upc.biz
CHZRHTGISA406.upcit.ds.upc.biz,16/06/2025,18/07/2026,CHZRHTGISA406.upcit.ds.upc.biz
dplugtool-qasso.intern.upc.ch,16/12/2024,17/01/2026,dplugtool-qasso.intern.upc.ch
dragonfly.upc.ch,25/06/2024,27/07/2025,dragonfly.upc.ch
dragonfly.upc.ch,25/06/2024,27/07/2025,mysports.upc.ch
dragonfly.upc.ch,25/06/2024,27/07/2025,psrsftp01.intern.upc.ch
dragonfly-dev.intern.upc.ch,28/01/2025,01/03/2026,dragonfly-dev.intern.upc.ch
ebill.sunrise.ch,20/11/2025,20/11/2025,
ectconnect.e-fon.ch,13/11/2025,15/12/2026,ectconnect.e-fon.ch
ems01.sunrise.net,20/11/2025,20/11/2025,
eserver.sunrise.net,20/11/2025,20/11/2025,
eshopengine.yol.ch,23/07/2024,24/08/2025,eshopengine.yol.ch
geoloc.bbeng.sunrise.net,14/08/2025,15/09/2026,geoloc.bbeng.sunrise.net
glarotech.sunrise.net,08/05/2025,09/06/2026,glarotech.sunrise.net
gtm-preview.sunrise.ch,29/11/2024,31/12/2025,gtm-preview.sunrise.ch
idc.sunrise.ch,10/04/2025,12/05/2026,idc.sunrise.ch
idc.yallo.ch,23/07/2024,24/08/2025,idc.yallo.ch
idc-t01.sunrise.ch,05/04/2024,07/05/2025,idc-t01.sunrise.ch
idc-t01.sunrise.ch,05/04/2024,07/05/2025,idc-t02.sunrise.ch
idc-t01.sunrise.ch,05/04/2024,07/05/2025,idc-t03.sunrise.ch
idc-t01.sunrise.ch,05/04/2024,07/05/2025,idc-dev.sunrise.ch
iface.sunrise.ch,05/11/2024,07/12/2025,iface.sunrise.ch
iot.sunrise.ch,29/11/2024,31/12/2025,iot.sunrise.ch
iot.sunrise.ch,29/11/2024,31/12/2025,connect.iot.sunrise.ch
iot-t02.sunrise.ch,03/11/2025,05/12/2026,iot-t02.sunrise.ch
iot-t02.sunrise.ch,03/11/2025,05/12/2026,api.iot-t02.sunrise.ch
iot-t02.sunrise.ch,03/11/2025,05/12/2026,docs.iot-t02.sunrise.ch
jenkins.sunrise.net,14/05/2025,15/06/2026,jenkins.sunrise.net
logintest.upc.ch,07/08/2024,08/09/2025,logintest.upc.ch
mail.sunrise.net,01/12/2023,01/01/2025,mail.sunrise.net
mail.sunrise.net,01/12/2023,01/01/2025,autodiscover.sunrise.net
maps.sunrise.ch,20/06/2025,21/07/2026,maps.sunrise.ch
material.upc.ch,26/08/2024,27/09/2025,material.upc.ch
mlog-test.upc.ch,22/03/2024,23/04/2025,mlog-test.upc.ch
mlog-test.upc.ch,22/03/2024,23/04/2025,mlog-dev.upc.ch
provp.e-fon.ch,13/02/2025,17/03/2026,provp.e-fon.ch
q-glarotech.sunrise.net,26/11/2024,28/12/2025,q-glarotech.sunrise.net
salesportal.sunrise.ch,10/07/2024,11/08/2025,salesportal.sunrise.ch
sapp.upc.ch,08/01/2024,08/02/2025,sapp.upc.ch
sapp.upc.ch,08/01/2024,08/02/2025,appl.upc.ch
sapp.upc.ch,08/01/2024,08/02/2025,sappras.upc.ch
sapp.upc.ch,08/01/2024,08/02/2025,sapp-test.upc.ch
sapp.upc.ch,08/01/2024,08/02/2025,sappras-test.upc.ch
sapp.upc.ch,08/01/2024,08/02/2025,storefront.intern.upc.ch
sapp.upc.ch,08/01/2024,08/02/2025,storefront-test.intern.upc.ch
sbc.sunrise.ch,24/05/2024,25/06/2025,sbc.sunrise.ch
sbp.sunrise.ch,15/12/2023,15/01/2025,sbp.sunrise.ch
talk.test.e-fon.ch,11/03/2024,12/04/2025,talk.test.e-fon.ch
talk.test.e-fon.ch,11/03/2024,12/04/2025,webrtc.test.e-fon.ch
talk.test.e-fon.ch,11/03/2024,12/04/2025,stun.test.e-fon.ch
tsrb2be2ech03.intern.upc.ch,09/06/2025,11/07/2026,tsrb2be2ech03.intern.upc.ch
visitor.upc.ch,20/11/2025,20/11/2025,
576783.sdwan.sunrise.ch,20/02/2025,23/03/2026,576783.sdwan.sunrise.ch
b2be2epas.upc.ch,20/06/2025,22/07/2026,b2be2epas.upc.ch
b2be2epas.upc.ch,20/06/2025,22/07/2026,psrb2be2epas01.intern.upc.ch
b2be2epas.upc.ch,20/06/2025,22/07/2026,psrb2be2epas02.intern.upc.ch
b2bsiptrh-t.upc.ch,11/09/2025,13/10/2026,b2bsiptrh-t.upc.ch
b2btorrus01-tst.intern.upc.ch,11/03/2025,12/04/2026,b2btorrus01-tst.intern.upc.ch
b2btorrus01-tst.intern.upc.ch,11/03/2025,12/04/2026,tsrb2btorrus01.intern.upc.ch
b2btorrus02.intern.upc.ch,11/03/2025,12/04/2026,b2btorrus02.intern.upc.ch
b2btorrus02.intern.upc.ch,11/03/2025,12/04/2026,psrb2btorrus02.intern.upc.ch
b2btorrus04.intern.upc.ch,11/03/2025,12/04/2026,b2btorrus04.intern.upc.ch
b2btorrus04.intern.upc.ch,11/03/2025,12/04/2026,psrb2btorrus04.intern.upc.ch
dragonfly-test.upc.ch,20/11/2025,20/11/2025,
ras.upc.ch,09/07/2025,09/08/2026,ras.upc.ch
xip.sunrise.ch,16/07/2025,17/08/2026,xip.sunrise.ch
xip.sunrise.ch,16/07/2025,17/08/2026,www.xip.sunrise.ch
dsrb2bsla01.intern.upc.ch,16/12/2024,17/01/2026,dsrb2bsla01.intern.upc.ch
eai.sunrise.net,17/12/2024,18/01/2026,eai.sunrise.net
eservertb.sunrise.net,25/04/2024,27/05/2025,eservertb.sunrise.net
